Model	Dataset	Cpv Type	#Cpv	ZmixExists	KernelConstraintExists	KernelRegularizerExists	ActivityRegularizerExists	MAE	TAE	MSE	TSE	#Pts	FitTime	PredTime	MAX-MAE	MAX-TAE	MAX-MSE	MAX-TSE	MIN-MAE	MIN-TAE	MIN-MSE	MIN-TSE
PCDNNV2	randomequaltraintestsplit	AllSpeciesAndZmix	2	Y	Y	Y	Y	3382829055.92616	27803472010657.11	1.1443532421618278e+19	9.405439297328063e+22	8219.0	175.3125	0.625	3382829055.92616	27803472010657.11	1.1443532421618278e+19	9.405439297328063e+22	3382829055.92616	27803472010657.11	1.1443532421618278e+19	9.405439297328063e+22
