Model	Dataset	Cpv Type	#Cpv	ZmixExists	MAE	TAE	MSE	TSE	#Pts	FitTime	PredTime	MAX-MAE	MAX-TAE	MAX-MSE	MAX-TSE	MIN-MAE	MIN-TAE	MIN-MSE	MIN-TSE
PCDNNV1	frameworkincludedtrainexcludedtest	AllSpeciesZmixAndPurePCA	2	Y	1691946111.9206598	21753351160963.92	2.8626816456434376e+18	3.6805497918037678e+22	12857.0	80.453125	1.390625	1691946111.9206598	21753351160963.92	2.8626816456434376e+18	3.6805497918037678e+22	1691946111.9206598	21753351160963.92	2.8626816456434376e+18	3.6805497918037678e+22
