Model	Dataset	Cpv Type	#Cpv	ZmixExists	MAE	TAE	MSE	TSE	#Pts	FitTime	PredTime	MAX-MAE	MAX-TAE	MAX-MSE	MAX-TSE	MIN-MAE	MIN-TAE	MIN-MSE	MIN-TSE
PCDNNV1	frameworkincludedtrainexcludedtest	AllSpeciesZmixAndPurePCA	2	Y	5629041863.488671	72372591238873.84	1.3207521755104969e+20	1.6980910720538458e+24	12857.0	74.625	1.265625	5629041863.488671	72372591238873.84	1.3207521755104969e+20	1.6980910720538458e+24	5629041863.488671	72372591238873.84	1.3207521755104969e+20	1.6980910720538458e+24
