Model	Dataset	Cpv Type	#Cpv	ZmixExists	KernelConstraintExists	KernelRegularizerExists	ActivityRegularizerExists	MAE	TAE	MSE	TSE	#Pts	FitTime	PredTime	MAX-MAE	MAX-TAE	MAX-MSE	MAX-TSE	MIN-MAE	MIN-TAE	MIN-MSE	MIN-TSE
PCDNNV2	randomequaltraintestsplit	AllSpeciesAndZmix	2	Y	Y	Y	Y	13312678471.634462	109416904358363.64	1.1193397328072223e+21	9.19985326394256e+24	8219.0	165.609375	0.75	13312678471.634462	109416904358363.64	1.1193397328072223e+21	9.19985326394256e+24	13312678471.634462	109416904358363.64	1.1193397328072223e+21	9.19985326394256e+24
