Model	Dataset	Cpv Type	#Cpv	ZmixExists	MAE	TAE	MSE	TSE	#Pts	FitTime	PredTime	MAX-MAE	MAX-TAE	MAX-MSE	MAX-TSE	MIN-MAE	MIN-TAE	MIN-MSE	MIN-TSE
Simple_DNN	frameworkincludedtrainexcludedtest	ZmixCpv	1	Y	12067703503.408192	155154463943319.12	4.714357751856958e+20	6.061249761562491e+24	12857.0	74.765625	0.96875	12067703503.408192	155154463943319.12	4.714357751856958e+20	6.061249761562491e+24	12067703503.408192	155154463943319.12	4.714357751856958e+20	6.061249761562491e+24
