Model	Dataset	Cpv Type	#Cpv	ZmixExists	MAE	TAE	MSE	TSE	#Pts	FitTime	PredTime	MAX-MAE	MAX-TAE	MAX-MSE	MAX-TSE	MIN-MAE	MIN-TAE	MIN-MSE	MIN-TSE
Simple_DNN	frameworkincludedtrainexcludedtest	ZmixCpv	1	Y	11414240897.936337	146752895224767.47	5.194629951809312e+20	6.678735729041232e+24	12857.0	71.109375	0.921875	11414240897.936337	146752895224767.47	5.194629951809312e+20	6.678735729041232e+24	11414240897.936337	146752895224767.47	5.194629951809312e+20	6.678735729041232e+24
